<?xml version="1.0" encoding="UTF-8"?>
<project-private xmlns="http://www.netbeans.org/ns/project-private/1">
    <editor-bookmarks xmlns="http://www.netbeans.org/ns/editor-bookmarks/2" lastBookmarkId="0"/>
    <open-files xmlns="http://www.netbeans.org/ns/projectui-open-files/2">
        <group>
            <file>file:/F:/xampp/htdocs/OneDrive/sm/resources/views/common/result/view-result.blade.php</file>
            <file>file:/F:/xampp/htdocs/OneDrive/sm/resources/views/menu/adminmenu.blade.php</file>
            <file>file:/F:/xampp/htdocs/OneDrive/sm/resources/views/headers/schoolheading.blade.php</file>
            <file>file:/F:/xampp/htdocs/OneDrive/sm/app/Http/Controllers/CommonController.php</file>
            <file>file:/F:/xampp/htdocs/OneDrive/sm/routes/web.php</file>
            <file>file:/F:/xampp/htdocs/OneDrive/sm/resources/views/dboardcontainer.blade.php</file>
            <file>file:/F:/xampp/htdocs/OneDrive/sm/app/Http/Controllers/AdminController.php</file>
            <file>file:/F:/xampp/htdocs/OneDrive/sm/app/Http/Controllers/AdminUpdateController.php</file>
        </group>
    </open-files>
</project-private>
