<?xml version="1.0" encoding="UTF-8"?>
<project xmlns="http://www.netbeans.org/ns/project/1">
    <type>org.netbeans.modules.php.project</type>
    <configuration>
        <data xmlns="http://www.netbeans.org/ns/php-project/1">
            <name>sm</name>
        </data>
        <spellchecker-wordlist xmlns="http://www.netbeans.org/ns/spellchecker-wordlist/1">
            <word>Datepicker</word>
            <word>elseif</word>
            <word>GPA</word>
            <word>Khatun</word>
            <word>rstInfo</word>
            <word>scltyp</word>
        </spellchecker-wordlist>
    </configuration>
</project>
